Titre,Meta,Slug,Groupe
Créer un statut de micro-entreprise,"Les étapes légales et obligations pour lancer une micro-entreprise en toute conformité",creer-statut-micro-entreprise,Legal
Améliorer le SEO local : astuces et outils,"Optimiser sa visibilité dans les recherches géolocalisées pour attirer plus de clients",ameliorer-seo-local-astuces,SEO
Gérer la motivation des équipes à distance,"Techniques de management pour garder un esprit d’équipe malgré la distance",gerer-motivation-equipes-distance,Management
Structurer sa campagne SEA : mots-clés et enchères,"Sélectionner les bons mots-clés et fixer une stratégie d’enchères adaptée à son budget",structurer-campagne-sea,SEA
Développer un logo impactant : principes de base,"Typographie, couleurs et formes pour marquer durablement l’esprit des clients",developper-logo-impactant,Design
Mettre en place la comptabilité analytique,"Suivre précisément les coûts et la rentabilité par produit ou service",mettre-place-comptabilite-analytique,Finance
Utiliser Google Ads : premiers pas,"Créer un compte, sélectionner les mots-clés et paramétrer une campagne de base",utiliser-google-ads-premiers-pas,SEA
Lancer un blog professionnel : aspects légaux,"Mentions obligatoires, RGPD et droits d’auteur à respecter",lancer-blog-professionnel-legal,Legal
Concevoir une UI minimaliste et ergonomique,"Focus sur le design épuré pour améliorer l’expérience utilisateur",concevoir-ui-minimaliste-ergonomique,Design
Gérer ses performances financières mensuelles,"Mise en place de tableaux de bord et indicateurs clés de trésorerie",gerer-performances-financieres-mensuelles,Finance
Techniques de link-building avancées,"Approches qualitatives pour renforcer l’autorité et la visibilité d’un site",techniques-link-building-avancees,SEO
Animer un brainstorming productif,"Créer une dynamique de groupe et extraire des idées innovantes",animer-brainstorming-productif,Management
Protéger sa marque : enregistrement et veille,"Pourquoi et comment déposer une marque pour éviter le plagiat",proteger-marque-enregistrement-veille,Legal
Optimiser ses balises Title et Meta Description,"Stratégies SEO on-page pour améliorer le taux de clic dans les SERPs",optimiser-balises-title-meta-description,SEO
Aménager un espace de travail zen chez soi,"Ergonomie, décoration et astuces pour favoriser la concentration",amenager-espace-travail-zen,Lifestyle
Piloter une équipe Tech en mode Agile,"Mettre en place Scrum ou Kanban pour accélérer le développement",piloter-equipe-tech-agile,Tech
Trouver le bon régime matrimonial pour votre société,"Aspects juridiques et impacts fiscaux sur le patrimoine professionnel",trouver-regime-matrimonial-societe,Legal
Configurer Google Tag Manager pour le SEA,"Suivre les conversions et les clics pour optimiser le budget publicitaire",configurer-google-tag-manager-sea,SEA
Fidéliser grâce à un branding cohérent,"Construire une identité forte pour améliorer la rétention client",fideliser-branding-coherent,Marketing
Automatiser sa facturation : solutions et avantages,"Gagner du temps et réduire les erreurs via des outils de facturation en ligne",automatiser-facturation-solutions,Finance
Booster sa créativité au quotidien,"Exercices pratiques pour stimuler l’imagination et penser hors du cadre",booster-creativite-quotidien,Lifestyle
Elaborer une stratégie SEA multicompte,"Comment répartir le budget et suivre les performances sur plusieurs comptes Google Ads",elaborer-strategie-sea-multicompte,SEA
Mettre en place une veille concurrentielle SEO,"Surveiller les mots-clés et le positionnement de la concurrence en continu",veille-concurrentielle-seo,SEO
Recruter un développeur Full Stack : profils et tests,"Compétences clés, entretiens techniques et évaluation des projets personnels",recruter-developpeur-full-stack,HR
Améliorer la rentabilité : marge et coûts variables,"Calculer la marge unitaire et identifier les leviers de réduction des coûts",ameliorer-rentabilite-marge-couts,Finance
L’importance du copywriting en marketing,"Comment des textes persuasifs peuvent augmenter le taux de conversion",importance-copywriting-marketing,Marketing
Définir les rôles et responsabilités en management,"Clarifier la mission de chacun pour une meilleure efficacité collective",definir-roles-responsabilites-management,Management
S’initier à la conception d’API REST,"Principes de base, endpoints et bonnes pratiques de versioning",initier-conception-api-rest,Tech
Bien choisir son statut juridique pour se lancer,"SASU, EURL, micro-entreprise : quelles différences et avantages ?",bien-choisir-statut-juridique,Légal
Déployer une architecture microservices,"Scalabilité, résilience et contraintes techniques à prendre en compte",deployer-architecture-microservices,Tech
Maîtriser la gestion de projet transversal,"Coordonner plusieurs équipes et départements pour un même objectif",maitriser-gestion-projet-transversal,Management
Créer des visuels percutants pour les réseaux sociaux,"Choisir les bons formats et accrocher l’attention dans le fil d’actualité",creer-visuels-percutants-reseaux-sociaux,Design
Organiser une campagne de crowdfunding : étapes clés,"Comment présenter son projet, mobiliser sa communauté et atteindre son objectif",organiser-campagne-crowdfunding,Finance
Gérer un budget SEA de grande envergure,"Structurer ses campagnes et répartir les dépenses sur plusieurs canaux",gerer-budget-sea-grande-envergure,SEA
Miser sur le marketing d’influence,"Collaborer avec des influenceurs pour booster sa visibilité",miser-marketing-influence,Marketing
Exploiter la data : l’approche Data-Driven Marketing,"Collecter et analyser les données pour affiner sa stratégie",exploiter-data-datadriven-marketing,Marketing
Boostez votre référencement grâce au netlinking,"Stratégies pour obtenir des backlinks de qualité et monter dans les SERPs",booster-referencement-netlinking,SEO
Créer une atmosphère propice au bien-être dans un open-space,"Luminosité, insonorisation et zones de détente pour améliorer la productivité",creer-atmosphere-bien-etre-openspace,Lifestyle
Mettre en place le SSO (Single Sign-On),"Sécurité, facilité d’accès et réduction de la friction pour les utilisateurs",mettre-place-sso-single-sign-on,Tech
Préparer une levée de fonds en capital-risque,"Dossier, business plan et négociation pour convaincre les VCs",preparer-levee-fonds-capital-risque,Finance
Motiver ses collaborateurs : leviers psychologiques,"Reconnaissance, autonomie et perspectives d’évolution pour un engagement durable",motiver-collaborateurs-leviers-psychologiques,HR
Faire un audit SEO technique : checklist,"Vérifier la structure du site, les performances et les éventuelles erreurs d’exploration",faire-audit-seo-technique,SEO
Choisir entre Slack Teams ou Discord pour sa communication,"Comparer les fonctionnalités et l’ergonomie selon les besoins de l’équipe",choisir-slack-teams-discord,Tech
Maîtriser Google Analytics 4 pour un suivi SEA,"Analyser les conversions et l’attribution dans les rapports de campagne",maitriser-google-analytics4-sea,SEA
Innover en RH : onboarding digital et gamification,"Intégrer les nouveaux collaborateurs de manière ludique et interactive",innover-rh-onboarding-digital,HR
Cas pratique : migrer son site vers un nouveau CMS,"Les étapes pour conserver son SEO et limiter les risques techniques",cas-pratique-migrer-site-nouveau-cms,SEO
Les bases de la fiscalité internationale,"Comprendre la double imposition et les conventions fiscales",bases-fiscalite-internationale,Finance
Améliorer la cohésion d’équipe en événementiel,"Activités de team-building et organisation de séminaires mémorables",ameliorer-cohesion-equipe-evenementiel,HR
Bien gérer un contrat d’apprentissage,"Obligations légales, avantages et suivi du parcours de l’apprenti",bien-gerer-contrat-apprentissage,Legal
Passer de manager à leader : le changement de posture,"Écoute active, vision et inspiration pour mobiliser ses équipes",passer-manager-leader-changement-posture,Management
S'initier au motion design pour sa marque,"Concevoir des animations et vidéos explicatives pour dynamiser sa communication",sinitier-motion-design-marque,Design
Améliorer sa concentration en télétravail,"Techniques pour lutter contre les distractions et mieux gérer son temps",ameliorer-concentration-teletravail,Lifestyle
Concevoir un site e-commerce : UX et SEO,"Aligner l’expérience utilisateur et le référencement pour augmenter les ventes",concevoir-site-ecommerce-ux-seo,Tech
Trouver des financements publics : subventions et prêts,"Identifier les aides nationales et européennes pour booster ses projets",trouver-financements-publics-subventions,Finance
Construire une charte graphique cohérente,"Polices, palette de couleurs et usages pour garder une image uniforme",construire-charte-graphique-coherente,Design
Faire une veille concurrentielle sur les réseaux sociaux,"Repérer les tendances et opportunités pour ajuster sa stratégie en temps réel",faire-veille-concurrentielle-reseaux-sociaux,Marketing
Améliorer son hygiène numérique,"Sécuriser ses mots de passe, chiffrer ses données et gérer ses autorisations d’accès",ameliorer-hygiene-numerique,Tech
Gérer les congés et absences en PME,"Outils et règles légales pour organiser le planning des collaborateurs",gerer-conges-absences-pme,HR
Décoder les Google Updates : comment s’adapter ?,"Suivre les changements d’algorithmes et ajuster sa stratégie SEO",decoder-google-updates-sadapter,SEO
Créer une newsletter interne pour ses employés,"Fédérer et informer régulièrement les équipes sur les projets en cours",creer-newsletter-interne-employes,Management
Définir un Tone of Voice pour votre marque,"Règles éditoriales et style pour construire une identité mémorable",definir-tone-of-voice-marque,Marketing
Donner du sens à son travail : techniques de motivation,"Définir sa mission personnelle et aligner ses objectifs avec l’entreprise",donner-sens-travail-techniques-motivation,Lifestyle
Sécuriser un paiement en ligne : obligations légales,"Conformité, DSP2 et respect des normes pour protéger les transactions",securiser-paiement-en-ligne-legal,Legal
Créer un design system : pourquoi et comment,"Harmoniser les interfaces et gagner du temps dans la conception",creer-design-system-pourquoi-comment,Design
Apprendre à diriger un meeting : ordre du jour et timing,"Savoir fixer des objectifs clairs et répartir la parole efficacement",apprendre-diriger-meeting-ordre-jour,Management